timestamp,temporada,tipo,sensor,campo,valor,desviacion_std,mensaje,anomalia_real,tipo_anomalia_real
2025-01-01 16:30:00,invierno,alerta_fuga_gas,Flujo de gas,gas_flujo,273.2,,Fuga de gas detectada — revisar instalación,False,nan
2025-01-01 17:00:00,invierno,alerta_fuga_gas,Flujo de gas,gas_flujo,459.9,,Fuga de gas detectada — revisar instalación,False,nan
2025-01-03 01:00:00,invierno,anomalia_ml,Consumo eléctrico,consumo_electrico,6.681,10.34,Consumo eléctrico fuera de rango normal (10.3 sigma),True,pico_electrico
2025-01-11 13:00:00,invierno,alerta_fuga_gas,Flujo de gas,gas_flujo,476.7,,Fuga de gas detectada — revisar instalación,False,nan
2025-01-11 13:30:00,invierno,alerta_fuga_gas,Flujo de gas,gas_flujo,213.6,,Fuga de gas detectada — revisar instalación,False,nan
2025-01-11 14:00:00,invierno,alerta_fuga_gas,Flujo de gas,gas_flujo,379.4,,Fuga de gas detectada — revisar instalación,False,nan
2025-01-13 04:00:00,invierno,anomalia_ml,Consumo eléctrico,consumo_electrico,12.549,20.3,Consumo eléctrico fuera de rango normal (20.3 sigma),True,pico_electrico
2025-01-14 14:30:00,invierno,anomalia_ml,Consumo eléctrico,consumo_electrico,6.733,10.42,Consumo eléctrico fuera de rango normal (10.4 sigma),True,pico_electrico
2025-01-16 01:00:00,invierno,anomalia_ml,Presión de tubería,presion_tuberia,0.834,10.01,Presión de tubería fuera de rango normal (10.0 sigma),True,fuga_agua
2025-01-16 04:00:00,invierno,anomalia_ml,Consumo eléctrico,consumo_electrico,9.14,14.51,Consumo eléctrico fuera de rango normal (14.5 sigma),True,pico_electrico
2025-01-18 14:00:00,invierno,anomalia_ml,Consumo de agua,consumo_agua,246.273,16.2,Consumo de agua fuera de rango normal (16.2 sigma),True,fuga_agua
2025-01-20 08:00:00,invierno,anomalia_ml,Consumo eléctrico,consumo_electrico,8.165,12.86,Consumo eléctrico fuera de rango normal (12.9 sigma),True,pico_electrico
2025-01-20 12:00:00,invierno,alerta_fuga_gas,Flujo de gas,gas_flujo,271.2,,Fuga de gas detectada — revisar instalación,False,nan
2025-01-20 12:30:00,invierno,alerta_fuga_gas,Flujo de gas,gas_flujo,244.0,,Fuga de gas detectada — revisar instalación,False,nan
2025-01-21 18:00:00,invierno,anomalia_ml,Consumo eléctrico,consumo_electrico,9.594,15.28,Consumo eléctrico fuera de rango normal (15.3 sigma),True,pico_electrico
2025-01-22 16:30:00,invierno,anomalia_ml,Consumo de agua,consumo_agua,177.409,11.26,Consumo de agua fuera de rango normal (11.3 sigma),True,fuga_agua
2025-01-24 01:00:00,invierno,anomalia_ml,Consumo eléctrico,consumo_electrico,9.758,15.56,Consumo eléctrico fuera de rango normal (15.6 sigma),True,pico_electrico
2025-01-24 01:30:00,invierno,anomalia_ml,Presión de tubería,presion_tuberia,0.602,11.28,Presión de tubería fuera de rango normal (11.3 sigma),True,fuga_agua
2025-02-05 04:30:00,invierno,anomalia_ml,Consumo eléctrico,consumo_electrico,8.275,13.04,Consumo eléctrico fuera de rango normal (13.0 sigma),True,pico_electrico
2025-02-05 08:30:00,invierno,alerta_fuga_gas,Flujo de gas,gas_flujo,347.1,,Fuga de gas detectada — revisar instalación,False,nan
2025-02-05 09:00:00,invierno,alerta_fuga_gas,Flujo de gas,gas_flujo,479.6,,Fuga de gas detectada — revisar instalación,False,nan
2025-02-05 09:30:00,invierno,alerta_fuga_gas,Flujo de gas,gas_flujo,349.4,,Fuga de gas detectada — revisar instalación,False,nan
2025-02-06 18:00:00,invierno,anomalia_ml,Consumo de agua,consumo_agua,192.791,12.36,Consumo de agua fuera de rango normal (12.4 sigma),True,fuga_agua
2025-02-07 15:30:00,invierno,anomalia_ml,Presión de tubería,presion_tuberia,0.843,9.96,Presión de tubería fuera de rango normal (10.0 sigma),True,fuga_agua
2025-02-11 17:30:00,invierno,anomalia_ml,Consumo de agua,consumo_agua,219.449,14.28,Consumo de agua fuera de rango normal (14.3 sigma),True,fuga_agua
2025-02-16 21:30:00,invierno,alerta_fuga_gas,Flujo de gas,gas_flujo,372.5,,Fuga de gas detectada — revisar instalación,False,nan
2025-02-16 22:00:00,invierno,alerta_fuga_gas,Flujo de gas,gas_flujo,364.0,,Fuga de gas detectada — revisar instalación,False,nan
2025-02-17 04:30:00,invierno,anomalia_ml,Consumo de agua,consumo_agua,187.819,12.0,Consumo de agua fuera de rango normal (12.0 sigma),True,fuga_agua
2025-02-20 20:00:00,invierno,anomalia_ml,Consumo eléctrico,consumo_electrico,9.243,14.69,Consumo eléctrico fuera de rango normal (14.7 sigma),True,pico_electrico
2025-02-22 10:30:00,invierno,alerta_fuga_gas,Flujo de gas,gas_flujo,288.1,,Fuga de gas detectada — revisar instalación,False,nan
2025-02-22 11:00:00,invierno,alerta_fuga_gas,Flujo de gas,gas_flujo,419.0,,Fuga de gas detectada — revisar instalación,True,sensor_fallo
2025-02-22 11:30:00,invierno,alerta_fuga_gas,Flujo de gas,gas_flujo,311.3,,Fuga de gas detectada — revisar instalación,False,nan
2025-02-22 17:30:00,invierno,anomalia_ml,Consumo eléctrico,consumo_electrico,8.94,14.17,Consumo eléctrico fuera de rango normal (14.2 sigma),True,pico_electrico
2025-02-23 14:30:00,invierno,anomalia_ml,Presión de tubería,presion_tuberia,0.941,9.42,Presión de tubería fuera de rango normal (9.4 sigma),True,fuga_agua
2025-02-24 10:00:00,invierno,anomalia_ml,Presión de tubería,presion_tuberia,0.396,12.41,Presión de tubería fuera de rango normal (12.4 sigma),True,fuga_agua
2025-02-24 18:00:00,invierno,anomalia_ml,Presión de tubería,presion_tuberia,0.764,10.39,Presión de tubería fuera de rango normal (10.4 sigma),True,fuga_agua
2025-02-25 11:30:00,invierno,anomalia_ml,Presión de tubería,presion_tuberia,0.723,10.62,Presión de tubería fuera de rango normal (10.6 sigma),True,fuga_agua
2025-02-25 16:30:00,invierno,anomalia_ml,Consumo de agua,consumo_agua,223.211,14.55,Consumo de agua fuera de rango normal (14.5 sigma),True,fuga_agua
2025-03-03 01:30:00,invierno,alerta_fuga_gas,Flujo de gas,gas_flujo,181.0,,Fuga de gas detectada — revisar instalación,False,nan
2025-03-03 02:00:00,invierno,alerta_fuga_gas,Flujo de gas,gas_flujo,386.5,,Fuga de gas detectada — revisar instalación,False,nan
2025-03-03 02:30:00,invierno,alerta_fuga_gas,Flujo de gas,gas_flujo,387.8,,Fuga de gas detectada — revisar instalación,False,nan
2025-03-03 16:30:00,invierno,anomalia_ml,Consumo eléctrico,consumo_electrico,7.595,11.89,Consumo eléctrico fuera de rango normal (11.9 sigma),True,pico_electrico
2025-03-03 21:30:00,invierno,anomalia_ml,Consumo de agua,consumo_agua,311.159,20.87,Consumo de agua fuera de rango normal (20.9 sigma),True,fuga_agua
2025-03-07 14:30:00,invierno,anomalia_ml,Presión de tubería,presion_tuberia,0.465,12.03,Presión de tubería fuera de rango normal (12.0 sigma),True,fuga_agua
2025-03-07 21:00:00,invierno,anomalia_ml,Consumo de agua,consumo_agua,315.048,21.15,Consumo de agua fuera de rango normal (21.1 sigma),True,fuga_agua
2025-03-08 03:00:00,invierno,anomalia_ml,Presión de tubería,presion_tuberia,0.421,12.27,Presión de tubería fuera de rango normal (12.3 sigma),True,fuga_agua
2025-03-08 04:00:00,invierno,anomalia_ml,Consumo eléctrico,consumo_electrico,7.303,11.39,Consumo eléctrico fuera de rango normal (11.4 sigma),True,pico_electrico
2025-03-14 02:00:00,invierno,anomalia_ml,Consumo eléctrico,consumo_electrico,10.446,16.73,Consumo eléctrico fuera de rango normal (16.7 sigma),True,pico_electrico
2025-03-14 10:00:00,invierno,anomalia_ml,Consumo eléctrico,consumo_electrico,9.148,14.53,Consumo eléctrico fuera de rango normal (14.5 sigma),True,pico_electrico
2025-03-14 14:30:00,invierno,anomalia_ml,Consumo de agua,consumo_agua,185.818,11.86,Consumo de agua fuera de rango normal (11.9 sigma),True,fuga_agua
2025-03-21 14:30:00,invierno,anomalia_ml,Presión de tubería,presion_tuberia,0.76,10.41,Presión de tubería fuera de rango normal (10.4 sigma),True,fuga_agua
2025-03-21 22:00:00,invierno,alerta_fuga_gas,Flujo de gas,gas_flujo,180.1,,Fuga de gas detectada — revisar instalación,False,nan
2025-03-21 22:30:00,invierno,alerta_fuga_gas,Flujo de gas,gas_flujo,419.5,,Fuga de gas detectada — revisar instalación,False,nan
2025-03-22 00:00:00,invierno,anomalia_ml,Presión de tubería,presion_tuberia,0.647,11.04,Presión de tubería fuera de rango normal (11.0 sigma),True,fuga_agua
2025-03-22 01:30:00,invierno,anomalia_ml,Consumo de agua,consumo_agua,187.77,12.0,Consumo de agua fuera de rango normal (12.0 sigma),True,fuga_agua
2025-03-22 05:00:00,invierno,alerta_fuga_gas,Flujo de gas,gas_flujo,352.8,,Fuga de gas detectada — revisar instalación,False,nan
2025-03-22 05:30:00,invierno,alerta_fuga_gas,Flujo de gas,gas_flujo,318.2,,Fuga de gas detectada — revisar instalación,False,nan
2025-03-29 21:00:00,invierno,anomalia_ml,Consumo eléctrico,consumo_electrico,8.287,13.06,Consumo eléctrico fuera de rango normal (13.1 sigma),True,pico_electrico
2025-04-01 13:30:00,verano,anomalia_ml,Consumo de agua,consumo_agua,282.072,9.88,Consumo de agua fuera de rango normal (9.9 sigma),True,fuga_agua
2025-04-02 09:30:00,verano,anomalia_ml,Consumo eléctrico,consumo_electrico,8.708,10.33,Consumo eléctrico fuera de rango normal (10.3 sigma),True,pico_electrico
2025-04-06 01:30:00,verano,alerta_fuga_gas,Flujo de gas,gas_flujo,248.7,,Fuga de gas detectada — revisar instalación,False,nan
2025-04-06 02:00:00,verano,alerta_fuga_gas,Flujo de gas,gas_flujo,258.3,,Fuga de gas detectada — revisar instalación,False,nan
2025-04-06 02:30:00,verano,alerta_fuga_gas,Flujo de gas,gas_flujo,419.7,,Fuga de gas detectada — revisar instalación,False,nan
2025-04-10 07:00:00,verano,anomalia_ml,Consumo de agua,consumo_agua,434.321,15.86,Consumo de agua fuera de rango normal (15.9 sigma),True,fuga_agua
2025-04-11 08:00:00,verano,anomalia_ml,Consumo eléctrico,consumo_electrico,9.094,10.83,Consumo eléctrico fuera de rango normal (10.8 sigma),True,pico_electrico
2025-04-15 23:30:00,verano,anomalia_ml,Presión de tubería,presion_tuberia,0.501,10.71,Presión de tubería fuera de rango normal (10.7 sigma),True,fuga_agua
2025-04-16 09:00:00,verano,anomalia_ml,Consumo de agua,consumo_agua,495.632,18.27,Consumo de agua fuera de rango normal (18.3 sigma),True,fuga_agua
2025-04-19 22:00:00,verano,anomalia_ml,Consumo eléctrico,consumo_electrico,10.567,12.75,Consumo eléctrico fuera de rango normal (12.8 sigma),True,pico_electrico
2025-04-19 22:30:00,verano,anomalia_ml,Consumo de agua,consumo_agua,405.87,14.74,Consumo de agua fuera de rango normal (14.7 sigma),True,fuga_agua
2025-04-20 00:30:00,verano,alerta_fuga_gas,Flujo de gas,gas_flujo,208.1,,Fuga de gas detectada — revisar instalación,False,nan
2025-04-20 01:00:00,verano,alerta_fuga_gas,Flujo de gas,gas_flujo,393.1,,Fuga de gas detectada — revisar instalación,False,nan
2025-04-20 05:30:00,verano,anomalia_ml,Presión de tubería,presion_tuberia,0.426,11.09,Presión de tubería fuera de rango normal (11.1 sigma),True,fuga_agua
2025-04-21 20:30:00,verano,alerta_gas_bajo,Nivel del tanque de gas,gas_nivel,10.0,,Tanque de gas al 10.0% — requiere cambio,False,
2025-04-24 16:00:00,verano,anomalia_ml,Consumo eléctrico,consumo_electrico,10.964,13.27,Consumo eléctrico fuera de rango normal (13.3 sigma),True,pico_electrico
2025-04-25 09:00:00,verano,anomalia_ml,Consumo eléctrico,consumo_electrico,10.022,12.04,Consumo eléctrico fuera de rango normal (12.0 sigma),True,pico_electrico
2025-04-27 01:00:00,verano,anomalia_ml,Consumo eléctrico,consumo_electrico,9.729,11.66,Consumo eléctrico fuera de rango normal (11.7 sigma),True,pico_electrico
2025-04-27 14:30:00,verano,alerta_fuga_gas,Flujo de gas,gas_flujo,235.2,,Fuga de gas detectada — revisar instalación,False,nan
2025-04-27 15:00:00,verano,alerta_fuga_gas,Flujo de gas,gas_flujo,395.5,,Fuga de gas detectada — revisar instalación,False,nan
2025-04-29 01:00:00,verano,alerta_fuga_gas,Flujo de gas,gas_flujo,324.9,,Fuga de gas detectada — revisar instalación,False,nan
2025-04-29 01:30:00,verano,alerta_fuga_gas,Flujo de gas,gas_flujo,300.4,,Fuga de gas detectada — revisar instalación,False,nan
2025-04-29 02:00:00,verano,alerta_fuga_gas,Flujo de gas,gas_flujo,340.5,,Fuga de gas detectada — revisar instalación,False,nan
2025-04-29 06:30:00,verano,alerta_fuga_gas,Flujo de gas,gas_flujo,441.0,,Fuga de gas detectada — revisar instalación,False,nan
2025-04-30 12:00:00,verano,anomalia_ml,Presión de tubería,presion_tuberia,0.445,10.99,Presión de tubería fuera de rango normal (11.0 sigma),True,fuga_agua
2025-05-01 01:00:00,verano,anomalia_ml,Presión de tubería,presion_tuberia,0.576,10.33,Presión de tubería fuera de rango normal (10.3 sigma),True,fuga_agua
2025-05-01 16:30:00,verano,anomalia_ml,Presión de tubería,presion_tuberia,0.614,10.13,Presión de tubería fuera de rango normal (10.1 sigma),True,fuga_agua
2025-05-02 05:30:00,verano,alerta_fuga_gas,Flujo de gas,gas_flujo,393.6,,Fuga de gas detectada — revisar instalación,False,nan
2025-05-02 06:00:00,verano,alerta_fuga_gas,Flujo de gas,gas_flujo,476.8,,Fuga de gas detectada — revisar instalación,False,nan
2025-05-02 07:30:00,verano,anomalia_ml,Temperatura interior,temperatura_int,81.575,9.57,Temperatura interior fuera de rango normal (9.6 sigma),True,sensor_fallo
2025-05-03 06:30:00,verano,anomalia_ml,Consumo eléctrico,consumo_electrico,11.785,14.34,Consumo eléctrico fuera de rango normal (14.3 sigma),True,pico_electrico
2025-05-04 07:30:00,verano,anomalia_ml,Consumo de agua,consumo_agua,461.083,16.91,Consumo de agua fuera de rango normal (16.9 sigma),True,fuga_agua
2025-05-06 06:30:00,verano,alerta_fuga_gas,Flujo de gas,gas_flujo,229.7,,Fuga de gas detectada — revisar instalación,False,nan
2025-05-06 07:00:00,verano,alerta_fuga_gas,Flujo de gas,gas_flujo,368.3,,Fuga de gas detectada — revisar instalación,False,nan
2025-05-06 07:30:00,verano,alerta_fuga_gas,Flujo de gas,gas_flujo,415.9,,Fuga de gas detectada — revisar instalación,False,nan
2025-05-07 13:30:00,verano,alerta_fuga_gas,Flujo de gas,gas_flujo,375.8,,Fuga de gas detectada — revisar instalación,False,nan
2025-05-08 16:00:00,verano,alerta_fuga_gas,Flujo de gas,gas_flujo,367.5,,Fuga de gas detectada — revisar instalación,False,nan
2025-05-08 16:30:00,verano,alerta_fuga_gas,Flujo de gas,gas_flujo,309.8,,Fuga de gas detectada — revisar instalación,False,nan
2025-05-08 17:00:00,verano,alerta_fuga_gas,Flujo de gas,gas_flujo,421.6,,Fuga de gas detectada — revisar instalación,False,nan
2025-05-10 16:00:00,verano,anomalia_ml,Temperatura interior,temperatura_int,76.599,8.72,Temperatura interior fuera de rango normal (8.7 sigma),True,sensor_fallo
2025-05-11 19:00:00,verano,alerta_fuga_gas,Flujo de gas,gas_flujo,391.4,,Fuga de gas detectada — revisar instalación,False,nan
2025-05-11 19:30:00,verano,alerta_fuga_gas,Flujo de gas,gas_flujo,225.3,,Fuga de gas detectada — revisar instalación,False,nan
2025-05-13 04:30:00,verano,anomalia_ml,Consumo eléctrico,consumo_electrico,8.003,9.41,Consumo eléctrico fuera de rango normal (9.4 sigma),True,pico_electrico
2025-05-16 18:30:00,verano,anomalia_ml,Consumo de agua,consumo_agua,292.402,10.28,Consumo de agua fuera de rango normal (10.3 sigma),True,fuga_agua
2025-05-16 20:00:00,verano,anomalia_ml,Consumo de agua,consumo_agua,354.328,12.72,Consumo de agua fuera de rango normal (12.7 sigma),True,fuga_agua
2025-05-17 13:00:00,verano,anomalia_ml,Consumo de agua,consumo_agua,380.974,13.76,Consumo de agua fuera de rango normal (13.8 sigma),True,fuga_agua
2025-05-19 10:00:00,verano,anomalia_ml,Presión de tubería,presion_tuberia,0.892,8.71,Presión de tubería fuera de rango normal (8.7 sigma),True,fuga_agua
2025-05-19 20:30:00,verano,anomalia_ml,Consumo de agua,consumo_agua,467.424,17.16,Consumo de agua fuera de rango normal (17.2 sigma),True,fuga_agua
2025-05-20 00:00:00,verano,anomalia_ml,Presión de tubería,presion_tuberia,0.626,10.07,Presión de tubería fuera de rango normal (10.1 sigma),True,fuga_agua
2025-05-20 06:30:00,verano,alerta_fuga_gas,Flujo de gas,gas_flujo,331.1,,Fuga de gas detectada — revisar instalación,False,nan
2025-05-20 07:00:00,verano,alerta_fuga_gas,Flujo de gas,gas_flujo,271.7,,Fuga de gas detectada — revisar instalación,False,nan
2025-05-20 07:30:00,verano,alerta_fuga_gas,Flujo de gas,gas_flujo,302.7,,Fuga de gas detectada — revisar instalación,False,nan
2025-05-21 06:00:00,verano,anomalia_ml,Consumo de agua,consumo_agua,393.351,14.25,Consumo de agua fuera de rango normal (14.2 sigma),True,fuga_agua
2025-05-23 11:30:00,verano,anomalia_ml,Consumo de agua,consumo_agua,331.96,11.84,Consumo de agua fuera de rango normal (11.8 sigma),True,fuga_agua
2025-05-23 22:00:00,verano,alerta_fuga_gas,Flujo de gas,gas_flujo,315.1,,Fuga de gas detectada — revisar instalación,False,nan
2025-05-23 22:30:00,verano,alerta_fuga_gas,Flujo de gas,gas_flujo,333.6,,Fuga de gas detectada — revisar instalación,False,nan
2025-05-23 23:00:00,verano,alerta_fuga_gas,Flujo de gas,gas_flujo,419.2,,Fuga de gas detectada — revisar instalación,False,nan
2025-05-25 20:30:00,verano,alerta_fuga_gas,Flujo de gas,gas_flujo,303.9,,Fuga de gas detectada — revisar instalación,False,nan
2025-05-25 21:00:00,verano,alerta_fuga_gas,Flujo de gas,gas_flujo,415.1,,Fuga de gas detectada — revisar instalación,False,nan
2025-05-25 23:00:00,verano,alerta_fuga_gas,Flujo de gas,gas_flujo,362.9,,Fuga de gas detectada — revisar instalación,False,nan
2025-05-25 23:30:00,verano,alerta_fuga_gas,Flujo de gas,gas_flujo,442.3,,Fuga de gas detectada — revisar instalación,False,nan
2025-05-26 00:00:00,verano,alerta_fuga_gas,Flujo de gas,gas_flujo,379.3,,Fuga de gas detectada — revisar instalación,False,nan
2025-05-26 04:30:00,verano,alerta_fuga_gas,Flujo de gas,gas_flujo,257.0,,Fuga de gas detectada — revisar instalación,False,nan
2025-05-26 05:00:00,verano,alerta_fuga_gas,Flujo de gas,gas_flujo,273.0,,Fuga de gas detectada — revisar instalación,False,nan
2025-05-26 16:00:00,verano,anomalia_ml,Presión de tubería,presion_tuberia,0.539,10.52,Presión de tubería fuera de rango normal (10.5 sigma),True,fuga_agua
2025-05-27 23:00:00,verano,anomalia_ml,Presión de tubería,presion_tuberia,0.832,9.02,Presión de tubería fuera de rango normal (9.0 sigma),True,fuga_agua
2025-05-28 11:00:00,verano,alerta_fuga_gas,Flujo de gas,gas_flujo,312.2,,Fuga de gas detectada — revisar instalación,False,nan
2025-05-28 11:30:00,verano,alerta_fuga_gas,Flujo de gas,gas_flujo,299.2,,Fuga de gas detectada — revisar instalación,False,nan
2025-05-28 12:00:00,verano,alerta_fuga_gas,Flujo de gas,gas_flujo,269.8,,Fuga de gas detectada — revisar instalación,False,nan
2025-05-30 19:30:00,verano,alerta_fuga_gas,Flujo de gas,gas_flujo,393.7,,Fuga de gas detectada — revisar instalación,False,nan
2025-05-30 20:00:00,verano,alerta_fuga_gas,Flujo de gas,gas_flujo,380.6,,Fuga de gas detectada — revisar instalación,False,nan
2025-05-30 20:30:00,verano,alerta_fuga_gas,Flujo de gas,gas_flujo,403.2,,Fuga de gas detectada — revisar instalación,False,nan
2025-06-03 02:30:00,verano,anomalia_ml,Consumo eléctrico,consumo_electrico,9.941,11.94,Consumo eléctrico fuera de rango normal (11.9 sigma),True,pico_electrico
2025-06-03 20:00:00,verano,anomalia_ml,Consumo de agua,consumo_agua,444.234,16.25,Consumo de agua fuera de rango normal (16.2 sigma),True,fuga_agua
2025-06-05 03:00:00,verano,anomalia_ml,Consumo eléctrico,consumo_electrico,8.523,10.09,Consumo eléctrico fuera de rango normal (10.1 sigma),True,pico_electrico
2025-06-06 04:30:00,verano,alerta_fuga_gas,Flujo de gas,gas_flujo,199.6,,Fuga de gas detectada — revisar instalación,False,nan
2025-06-06 11:30:00,verano,alerta_fuga_gas,Flujo de gas,gas_flujo,407.9,,Fuga de gas detectada — revisar instalación,False,nan
2025-06-06 12:00:00,verano,alerta_fuga_gas,Flujo de gas,gas_flujo,244.8,,Fuga de gas detectada — revisar instalación,False,nan
2025-06-07 04:30:00,verano,anomalia_ml,Consumo eléctrico,consumo_electrico,11.901,14.49,Consumo eléctrico fuera de rango normal (14.5 sigma),True,pico_electrico
2025-06-09 07:00:00,verano,anomalia_ml,Consumo de agua,consumo_agua,414.39,15.08,Consumo de agua fuera de rango normal (15.1 sigma),True,fuga_agua
2025-06-09 10:00:00,verano,anomalia_ml,Consumo eléctrico,consumo_electrico,8.287,9.78,Consumo eléctrico fuera de rango normal (9.8 sigma),True,pico_electrico
2025-06-11 13:30:00,verano,anomalia_ml,Consumo eléctrico,consumo_electrico,16.244,20.15,Consumo eléctrico fuera de rango normal (20.1 sigma),True,pico_electrico
2025-06-12 03:30:00,verano,alerta_fuga_gas,Flujo de gas,gas_flujo,399.8,,Fuga de gas detectada — revisar instalación,False,nan
2025-06-12 04:00:00,verano,alerta_fuga_gas,Flujo de gas,gas_flujo,187.5,,Fuga de gas detectada — revisar instalación,False,nan
2025-06-14 06:00:00,verano,anomalia_ml,Consumo de agua,consumo_agua,394.776,14.3,Consumo de agua fuera de rango normal (14.3 sigma),True,fuga_agua
2025-06-15 17:30:00,verano,anomalia_ml,Presión de tubería,presion_tuberia,0.857,8.89,Presión de tubería fuera de rango normal (8.9 sigma),True,fuga_agua
2025-06-19 03:30:00,verano,anomalia_ml,Consumo eléctrico,consumo_electrico,9.428,11.27,Consumo eléctrico fuera de rango normal (11.3 sigma),True,pico_electrico
2025-06-19 15:30:00,verano,anomalia_ml,Consumo eléctrico,consumo_electrico,14.541,17.93,Consumo eléctrico fuera de rango normal (17.9 sigma),True,pico_electrico
2025-06-19 22:30:00,verano,anomalia_ml,Consumo eléctrico,consumo_electrico,13.197,16.18,Consumo eléctrico fuera de rango normal (16.2 sigma),True,pico_electrico
2025-06-22 10:30:00,verano,anomalia_ml,Presión de tubería,presion_tuberia,0.45,10.97,Presión de tubería fuera de rango normal (11.0 sigma),True,fuga_agua
2025-06-24 07:00:00,verano,anomalia_ml,Consumo eléctrico,consumo_electrico,12.976,15.89,Consumo eléctrico fuera de rango normal (15.9 sigma),True,pico_electrico
2025-06-24 20:00:00,verano,alerta_fuga_gas,Flujo de gas,gas_flujo,411.9,,Fuga de gas detectada — revisar instalación,False,nan
2025-06-24 22:30:00,verano,alerta_fuga_gas,Flujo de gas,gas_flujo,377.0,,Fuga de gas detectada — revisar instalación,False,nan
2025-06-24 23:00:00,verano,alerta_fuga_gas,Flujo de gas,gas_flujo,400.7,,Fuga de gas detectada — revisar instalación,False,nan
2025-06-26 02:00:00,verano,anomalia_ml,Consumo eléctrico,consumo_electrico,9.301,11.1,Consumo eléctrico fuera de rango normal (11.1 sigma),True,pico_electrico
2025-06-27 02:30:00,verano,anomalia_ml,Consumo eléctrico,consumo_electrico,8.901,10.58,Consumo eléctrico fuera de rango normal (10.6 sigma),True,pico_electrico
2025-06-30 12:00:00,verano,anomalia_ml,Consumo eléctrico,consumo_electrico,9.357,11.18,Consumo eléctrico fuera de rango normal (11.2 sigma),True,pico_electrico
2025-06-30 14:30:00,verano,anomalia_ml,Presión de tubería,presion_tuberia,0.935,8.49,Presión de tubería fuera de rango normal (8.5 sigma),True,fuga_agua
2025-07-05 22:30:00,verano,alerta_fuga_gas,Flujo de gas,gas_flujo,280.5,,Fuga de gas detectada — revisar instalación,False,nan
2025-07-05 23:00:00,verano,alerta_fuga_gas,Flujo de gas,gas_flujo,392.2,,Fuga de gas detectada — revisar instalación,False,nan
2025-07-06 09:00:00,verano,alerta_fuga_gas,Flujo de gas,gas_flujo,227.3,,Fuga de gas detectada — revisar instalación,False,nan
2025-07-08 08:00:00,verano,alerta_fuga_gas,Flujo de gas,gas_flujo,321.1,,Fuga de gas detectada — revisar instalación,False,nan
2025-07-08 08:30:00,verano,alerta_fuga_gas,Flujo de gas,gas_flujo,295.7,,Fuga de gas detectada — revisar instalación,False,nan
2025-07-10 13:30:00,verano,alerta_fuga_gas,Flujo de gas,gas_flujo,345.5,,Fuga de gas detectada — revisar instalación,False,nan
2025-07-10 19:00:00,verano,anomalia_ml,Consumo eléctrico,consumo_electrico,12.557,15.34,Consumo eléctrico fuera de rango normal (15.3 sigma),True,pico_electrico
2025-07-11 18:30:00,verano,alerta_fuga_gas,Flujo de gas,gas_flujo,418.9,,Fuga de gas detectada — revisar instalación,False,nan
2025-07-11 19:00:00,verano,alerta_fuga_gas,Flujo de gas,gas_flujo,230.5,,Fuga de gas detectada — revisar instalación,False,nan
2025-07-14 10:00:00,verano,anomalia_ml,Consumo eléctrico,consumo_electrico,6.288,7.18,Consumo eléctrico fuera de rango normal (7.2 sigma),True,pico_electrico
2025-07-15 00:30:00,verano,anomalia_ml,Consumo eléctrico,consumo_electrico,6.68,7.69,Consumo eléctrico fuera de rango normal (7.7 sigma),True,pico_electrico
2025-07-16 12:00:00,verano,anomalia_ml,Consumo eléctrico,consumo_electrico,8.491,10.05,Consumo eléctrico fuera de rango normal (10.0 sigma),True,pico_electrico
2025-07-20 11:00:00,verano,anomalia_ml,Presión de tubería,presion_tuberia,0.618,10.11,Presión de tubería fuera de rango normal (10.1 sigma),True,fuga_agua
2025-07-21 23:00:00,verano,anomalia_ml,Consumo eléctrico,consumo_electrico,11.643,14.15,Consumo eléctrico fuera de rango normal (14.2 sigma),True,pico_electrico
2025-07-22 08:30:00,verano,anomalia_ml,Consumo eléctrico,consumo_electrico,6.645,7.64,Consumo eléctrico fuera de rango normal (7.6 sigma),True,pico_electrico
2025-07-27 17:30:00,verano,anomalia_ml,Consumo eléctrico,consumo_electrico,13.481,16.55,Consumo eléctrico fuera de rango normal (16.5 sigma),True,pico_electrico
2025-07-29 16:00:00,verano,anomalia_ml,Consumo eléctrico,consumo_electrico,17.676,22.02,Consumo eléctrico fuera de rango normal (22.0 sigma),True,pico_electrico
2025-08-02 08:00:00,verano,alerta_fuga_gas,Flujo de gas,gas_flujo,427.7,,Fuga de gas detectada — revisar instalación,False,nan
2025-08-02 08:30:00,verano,alerta_fuga_gas,Flujo de gas,gas_flujo,462.3,,Fuga de gas detectada — revisar instalación,False,nan
2025-08-03 01:30:00,verano,anomalia_ml,Consumo de agua,consumo_agua,367.706,13.24,Consumo de agua fuera de rango normal (13.2 sigma),True,fuga_agua
2025-08-03 22:30:00,verano,anomalia_ml,Consumo eléctrico,consumo_electrico,15.115,18.68,Consumo eléctrico fuera de rango normal (18.7 sigma),True,pico_electrico
2025-08-07 06:00:00,verano,anomalia_ml,Consumo de agua,consumo_agua,605.709,22.59,Consumo de agua fuera de rango normal (22.6 sigma),True,fuga_agua
2025-08-07 21:00:00,verano,anomalia_ml,Consumo de agua,consumo_agua,331.693,11.83,Consumo de agua fuera de rango normal (11.8 sigma),True,fuga_agua
2025-08-12 05:30:00,verano,anomalia_ml,Consumo eléctrico,consumo_electrico,12.062,14.7,Consumo eléctrico fuera de rango normal (14.7 sigma),True,pico_electrico
2025-08-13 14:30:00,verano,anomalia_ml,Consumo de agua,consumo_agua,332.652,11.86,Consumo de agua fuera de rango normal (11.9 sigma),True,fuga_agua
2025-08-13 17:30:00,verano,anomalia_ml,Consumo eléctrico,consumo_electrico,21.586,27.11,Consumo eléctrico fuera de rango normal (27.1 sigma),True,pico_electrico
2025-08-16 20:00:00,verano,alerta_fuga_gas,Flujo de gas,gas_flujo,221.7,,Fuga de gas detectada — revisar instalación,False,nan
2025-08-16 20:30:00,verano,alerta_fuga_gas,Flujo de gas,gas_flujo,353.8,,Fuga de gas detectada — revisar instalación,False,nan
2025-08-16 21:00:00,verano,alerta_fuga_gas,Flujo de gas,gas_flujo,322.1,,Fuga de gas detectada — revisar instalación,False,nan
2025-08-20 09:30:00,verano,anomalia_ml,Consumo de agua,consumo_agua,468.776,17.21,Consumo de agua fuera de rango normal (17.2 sigma),True,fuga_agua
2025-08-20 20:30:00,verano,anomalia_ml,Consumo eléctrico,consumo_electrico,16.648,20.68,Consumo eléctrico fuera de rango normal (20.7 sigma),True,pico_electrico
2025-08-23 04:00:00,verano,anomalia_ml,Consumo eléctrico,consumo_electrico,7.508,8.77,Consumo eléctrico fuera de rango normal (8.8 sigma),True,pico_electrico
2025-08-23 21:00:00,verano,anomalia_ml,Consumo de agua,consumo_agua,507.024,18.71,Consumo de agua fuera de rango normal (18.7 sigma),True,fuga_agua
2025-08-24 18:30:00,verano,alerta_fuga_gas,Flujo de gas,gas_flujo,206.5,,Fuga de gas detectada — revisar instalación,False,nan
2025-08-24 19:00:00,verano,alerta_fuga_gas,Flujo de gas,gas_flujo,261.7,,Fuga de gas detectada — revisar instalación,False,nan
2025-08-24 19:30:00,verano,alerta_fuga_gas,Flujo de gas,gas_flujo,250.6,,Fuga de gas detectada — revisar instalación,False,nan
2025-08-25 09:00:00,verano,anomalia_ml,Consumo de agua,consumo_agua,481.681,17.72,Consumo de agua fuera de rango normal (17.7 sigma),True,fuga_agua
2025-08-27 09:00:00,verano,anomalia_ml,Consumo de agua,consumo_agua,470.509,17.28,Consumo de agua fuera de rango normal (17.3 sigma),True,fuga_agua
2025-08-29 07:00:00,verano,anomalia_ml,Consumo eléctrico,consumo_electrico,7.221,8.39,Consumo eléctrico fuera de rango normal (8.4 sigma),True,pico_electrico
2025-08-29 12:30:00,verano,alerta_fuga_gas,Flujo de gas,gas_flujo,268.8,,Fuga de gas detectada — revisar instalación,False,nan
2025-08-30 18:00:00,verano,alerta_fuga_gas,Flujo de gas,gas_flujo,478.1,,Fuga de gas detectada — revisar instalación,False,nan
2025-08-30 18:30:00,verano,alerta_fuga_gas,Flujo de gas,gas_flujo,257.1,,Fuga de gas detectada — revisar instalación,False,nan
2025-08-30 19:00:00,verano,alerta_fuga_gas,Flujo de gas,gas_flujo,285.0,,Fuga de gas detectada — revisar instalación,False,nan
2025-08-30 22:30:00,verano,anomalia_ml,Consumo de agua,consumo_agua,449.531,16.46,Consumo de agua fuera de rango normal (16.5 sigma),True,fuga_agua
2025-09-01 01:30:00,verano,anomalia_ml,Consumo de agua,consumo_agua,310.947,11.01,Consumo de agua fuera de rango normal (11.0 sigma),True,fuga_agua
2025-09-02 08:30:00,verano,alerta_fuga_gas,Flujo de gas,gas_flujo,282.3,,Fuga de gas detectada — revisar instalación,False,nan
2025-09-02 20:30:00,verano,anomalia_ml,Consumo de agua,consumo_agua,446.921,16.35,Consumo de agua fuera de rango normal (16.4 sigma),True,fuga_agua
2025-09-03 22:00:00,verano,alerta_fuga_gas,Flujo de gas,gas_flujo,338.8,,Fuga de gas detectada — revisar instalación,False,nan
2025-09-03 22:30:00,verano,alerta_fuga_gas,Flujo de gas,gas_flujo,433.1,,Fuga de gas detectada — revisar instalación,False,nan
2025-09-07 10:30:00,verano,anomalia_ml,Consumo de agua,consumo_agua,258.166,8.94,Consumo de agua fuera de rango normal (8.9 sigma),True,fuga_agua
2025-09-07 11:00:00,verano,anomalia_ml,Consumo eléctrico,consumo_electrico,11.844,14.42,Consumo eléctrico fuera de rango normal (14.4 sigma),True,pico_electrico
2025-09-08 04:30:00,verano,anomalia_ml,Consumo de agua,consumo_agua,274.983,9.6,Consumo de agua fuera de rango normal (9.6 sigma),True,fuga_agua
2025-09-09 09:00:00,verano,alerta_fuga_gas,Flujo de gas,gas_flujo,367.7,,Fuga de gas detectada — revisar instalación,False,nan
2025-09-09 16:00:00,verano,anomalia_ml,Presión de tubería,presion_tuberia,0.412,11.17,Presión de tubería fuera de rango normal (11.2 sigma),True,fuga_agua
2025-09-10 00:00:00,verano,anomalia_ml,Presión de tubería,presion_tuberia,0.686,9.76,Presión de tubería fuera de rango normal (9.8 sigma),True,fuga_agua
2025-09-10 00:30:00,verano,anomalia_ml,Consumo eléctrico,consumo_electrico,9.209,10.98,Consumo eléctrico fuera de rango normal (11.0 sigma),True,pico_electrico
2025-09-10 21:00:00,verano,anomalia_ml,Consumo eléctrico,consumo_electrico,12.325,15.04,Consumo eléctrico fuera de rango normal (15.0 sigma),True,pico_electrico
2025-09-11 20:00:00,verano,anomalia_ml,Consumo eléctrico,consumo_electrico,12.486,15.25,Consumo eléctrico fuera de rango normal (15.3 sigma),True,pico_electrico
2025-09-12 05:00:00,verano,anomalia_ml,Consumo eléctrico,consumo_electrico,6.799,7.84,Consumo eléctrico fuera de rango normal (7.8 sigma),True,pico_electrico
2025-09-14 03:30:00,verano,anomalia_ml,Presión de tubería,presion_tuberia,0.971,8.31,Presión de tubería fuera de rango normal (8.3 sigma),True,fuga_agua
2025-09-17 11:00:00,verano,anomalia_ml,Presión de tubería,presion_tuberia,0.487,10.78,Presión de tubería fuera de rango normal (10.8 sigma),True,fuga_agua
2025-09-18 14:00:00,verano,anomalia_ml,Consumo eléctrico,consumo_electrico,8.881,10.56,Consumo eléctrico fuera de rango normal (10.6 sigma),True,pico_electrico
2025-09-22 10:00:00,verano,anomalia_ml,Presión de tubería,presion_tuberia,0.425,11.1,Presión de tubería fuera de rango normal (11.1 sigma),True,fuga_agua
2025-09-24 12:30:00,verano,anomalia_ml,Consumo de agua,consumo_agua,312.538,11.07,Consumo de agua fuera de rango normal (11.1 sigma),True,fuga_agua
2025-09-24 18:00:00,verano,anomalia_ml,Consumo eléctrico,consumo_electrico,22.52,28.33,Consumo eléctrico fuera de rango normal (28.3 sigma),True,pico_electrico
2025-09-25 01:30:00,verano,anomalia_ml,Consumo de agua,consumo_agua,272.0,9.48,Consumo de agua fuera de rango normal (9.5 sigma),True,fuga_agua
2025-09-25 12:00:00,verano,anomalia_ml,Consumo eléctrico,consumo_electrico,8.255,9.74,Consumo eléctrico fuera de rango normal (9.7 sigma),True,pico_electrico
2025-09-26 17:00:00,verano,anomalia_ml,Consumo eléctrico,consumo_electrico,9.597,11.49,Consumo eléctrico fuera de rango normal (11.5 sigma),True,pico_electrico
2025-09-27 00:00:00,verano,anomalia_ml,Consumo eléctrico,consumo_electrico,9.542,11.42,Consumo eléctrico fuera de rango normal (11.4 sigma),True,pico_electrico
2025-09-28 16:30:00,verano,anomalia_ml,Consumo de agua,consumo_agua,323.573,11.51,Consumo de agua fuera de rango normal (11.5 sigma),True,fuga_agua
2025-10-01 11:30:00,verano,anomalia_ml,Presión de tubería,presion_tuberia,0.568,10.37,Presión de tubería fuera de rango normal (10.4 sigma),True,fuga_agua
2025-10-04 20:30:00,verano,anomalia_ml,Consumo de agua,consumo_agua,433.211,15.81,Consumo de agua fuera de rango normal (15.8 sigma),True,fuga_agua
2025-10-05 19:00:00,verano,alerta_fuga_gas,Flujo de gas,gas_flujo,196.4,,Fuga de gas detectada — revisar instalación,False,nan
2025-10-05 19:30:00,verano,alerta_fuga_gas,Flujo de gas,gas_flujo,218.2,,Fuga de gas detectada — revisar instalación,False,nan
2025-10-05 20:00:00,verano,alerta_fuga_gas,Flujo de gas,gas_flujo,201.8,,Fuga de gas detectada — revisar instalación,False,nan
2025-10-06 15:30:00,verano,alerta_fuga_gas,Flujo de gas,gas_flujo,329.3,,Fuga de gas detectada — revisar instalación,False,nan
2025-10-06 16:00:00,verano,alerta_fuga_gas,Flujo de gas,gas_flujo,444.9,,Fuga de gas detectada — revisar instalación,False,nan
2025-10-06 16:30:00,verano,alerta_fuga_gas,Flujo de gas,gas_flujo,403.9,,Fuga de gas detectada — revisar instalación,False,nan
2025-10-07 18:00:00,verano,anomalia_ml,Consumo de agua,consumo_agua,337.607,12.06,Consumo de agua fuera de rango normal (12.1 sigma),True,fuga_agua
2025-10-08 11:30:00,verano,alerta_fuga_gas,Flujo de gas,gas_flujo,324.9,,Fuga de gas detectada — revisar instalación,False,nan
2025-10-09 20:00:00,verano,anomalia_ml,Temperatura interior,temperatura_int,-10.735,6.24,Temperatura interior fuera de rango normal (6.2 sigma),True,sensor_fallo
2025-10-11 09:30:00,verano,anomalia_ml,Consumo de agua,consumo_agua,482.235,17.74,Consumo de agua fuera de rango normal (17.7 sigma),True,fuga_agua
2025-10-13 19:30:00,verano,alerta_fuga_gas,Flujo de gas,gas_flujo,287.4,,Fuga de gas detectada — revisar instalación,False,nan
2025-10-13 20:00:00,verano,alerta_fuga_gas,Flujo de gas,gas_flujo,270.3,,Fuga de gas detectada — revisar instalación,False,nan
2025-10-16 00:30:00,verano,anomalia_ml,Consumo eléctrico,consumo_electrico,8.81,10.46,Consumo eléctrico fuera de rango normal (10.5 sigma),True,pico_electrico
2025-10-16 10:00:00,verano,alerta_fuga_gas,Flujo de gas,gas_flujo,430.2,,Fuga de gas detectada — revisar instalación,False,nan
2025-10-16 10:30:00,verano,alerta_fuga_gas,Flujo de gas,gas_flujo,190.1,,Fuga de gas detectada — revisar instalación,False,nan
2025-10-22 07:00:00,verano,anomalia_ml,Consumo de agua,consumo_agua,591.805,22.04,Consumo de agua fuera de rango normal (22.0 sigma),True,fuga_agua
2025-10-24 04:30:00,verano,anomalia_ml,Consumo eléctrico,consumo_electrico,7.462,8.71,Consumo eléctrico fuera de rango normal (8.7 sigma),True,pico_electrico
2025-10-25 00:00:00,verano,alerta_fuga_gas,Flujo de gas,gas_flujo,206.8,,Fuga de gas detectada — revisar instalación,False,nan
2025-10-25 03:30:00,verano,anomalia_ml,Presión de tubería,presion_tuberia,0.454,10.95,Presión de tubería fuera de rango normal (11.0 sigma),True,fuga_agua
2025-10-25 04:00:00,verano,anomalia_ml,Consumo eléctrico,consumo_electrico,6.362,7.27,Consumo eléctrico fuera de rango normal (7.3 sigma),True,pico_electrico
2025-10-25 16:30:00,verano,anomalia_ml,Consumo eléctrico,consumo_electrico,10.441,12.59,Consumo eléctrico fuera de rango normal (12.6 sigma),True,pico_electrico
2025-10-27 03:30:00,verano,anomalia_ml,Presión de tubería,presion_tuberia,0.721,9.59,Presión de tubería fuera de rango normal (9.6 sigma),True,fuga_agua
2025-10-27 04:30:00,verano,anomalia_ml,Temperatura interior,temperatura_int,88.899,10.83,Temperatura interior fuera de rango normal (10.8 sigma),True,sensor_fallo
2025-10-30 03:30:00,verano,anomalia_ml,Temperatura interior,temperatura_int,67.974,7.24,Temperatura interior fuera de rango normal (7.2 sigma),True,sensor_fallo
2025-10-30 16:00:00,verano,anomalia_ml,Consumo eléctrico,consumo_electrico,13.391,16.43,Consumo eléctrico fuera de rango normal (16.4 sigma),True,pico_electrico
2025-11-03 01:00:00,invierno,alerta_fuga_gas,Flujo de gas,gas_flujo,235.2,,Fuga de gas detectada — revisar instalación,False,nan
2025-11-03 01:30:00,invierno,alerta_fuga_gas,Flujo de gas,gas_flujo,374.7,,Fuga de gas detectada — revisar instalación,False,nan
2025-11-03 02:00:00,invierno,alerta_fuga_gas,Flujo de gas,gas_flujo,327.3,,Fuga de gas detectada — revisar instalación,False,nan
2025-11-07 03:00:00,invierno,anomalia_ml,Presión de tubería,presion_tuberia,0.543,11.61,Presión de tubería fuera de rango normal (11.6 sigma),True,fuga_agua
2025-11-08 23:00:00,invierno,alerta_fuga_gas,Flujo de gas,gas_flujo,270.3,,Fuga de gas detectada — revisar instalación,False,nan
2025-11-08 23:30:00,invierno,alerta_fuga_gas,Flujo de gas,gas_flujo,440.7,,Fuga de gas detectada — revisar instalación,False,nan
2025-11-09 11:00:00,invierno,alerta_fuga_gas,Flujo de gas,gas_flujo,465.6,,Fuga de gas detectada — revisar instalación,False,nan
2025-11-09 11:30:00,invierno,alerta_fuga_gas,Flujo de gas,gas_flujo,218.5,,Fuga de gas detectada — revisar instalación,False,nan
2025-11-10 08:30:00,invierno,anomalia_ml,Consumo de agua,consumo_agua,207.199,13.4,Consumo de agua fuera de rango normal (13.4 sigma),True,fuga_agua
2025-11-12 07:30:00,invierno,anomalia_ml,Consumo eléctrico,consumo_electrico,11.081,17.81,Consumo eléctrico fuera de rango normal (17.8 sigma),True,pico_electrico
2025-11-12 15:30:00,invierno,alerta_fuga_gas,Flujo de gas,gas_flujo,403.5,,Fuga de gas detectada — revisar instalación,False,nan
2025-11-12 16:00:00,invierno,alerta_fuga_gas,Flujo de gas,gas_flujo,388.9,,Fuga de gas detectada — revisar instalación,False,nan
2025-11-13 07:30:00,invierno,anomalia_ml,Consumo eléctrico,consumo_electrico,8.947,14.18,Consumo eléctrico fuera de rango normal (14.2 sigma),True,pico_electrico
2025-11-14 12:00:00,invierno,anomalia_ml,Consumo de agua,consumo_agua,281.706,18.75,Consumo de agua fuera de rango normal (18.8 sigma),True,fuga_agua
2025-11-15 08:00:00,invierno,anomalia_ml,Consumo eléctrico,consumo_electrico,7.785,12.21,Consumo eléctrico fuera de rango normal (12.2 sigma),True,pico_electrico
2025-11-18 21:30:00,invierno,anomalia_ml,Consumo de agua,consumo_agua,328.802,22.13,Consumo de agua fuera de rango normal (22.1 sigma),True,fuga_agua
2025-11-21 10:00:00,invierno,alerta_fuga_gas,Flujo de gas,gas_flujo,376.9,,Fuga de gas detectada — revisar instalación,False,nan
2025-11-24 07:00:00,invierno,anomalia_ml,Consumo de agua,consumo_agua,218.423,14.2,Consumo de agua fuera de rango normal (14.2 sigma),True,fuga_agua
2025-11-26 00:30:00,invierno,anomalia_ml,Consumo eléctrico,consumo_electrico,8.047,12.66,Consumo eléctrico fuera de rango normal (12.7 sigma),True,pico_electrico
2025-12-01 09:00:00,invierno,anomalia_ml,Consumo eléctrico,consumo_electrico,9.531,15.18,Consumo eléctrico fuera de rango normal (15.2 sigma),True,pico_electrico
2025-12-07 15:30:00,invierno,anomalia_ml,Consumo eléctrico,consumo_electrico,8.428,13.3,Consumo eléctrico fuera de rango normal (13.3 sigma),True,pico_electrico
2025-12-09 19:30:00,invierno,anomalia_ml,Consumo de agua,consumo_agua,355.094,24.02,Consumo de agua fuera de rango normal (24.0 sigma),True,fuga_agua
2025-12-11 22:00:00,invierno,alerta_fuga_gas,Flujo de gas,gas_flujo,327.4,,Fuga de gas detectada — revisar instalación,False,nan
2025-12-11 22:30:00,invierno,alerta_fuga_gas,Flujo de gas,gas_flujo,247.9,,Fuga de gas detectada — revisar instalación,False,nan
2025-12-13 04:00:00,invierno,anomalia_ml,Presión de tubería,presion_tuberia,0.525,11.71,Presión de tubería fuera de rango normal (11.7 sigma),True,fuga_agua
2025-12-17 05:30:00,invierno,alerta_fuga_gas,Flujo de gas,gas_flujo,340.6,,Fuga de gas detectada — revisar instalación,False,nan
2025-12-17 06:00:00,invierno,alerta_fuga_gas,Flujo de gas,gas_flujo,238.6,,Fuga de gas detectada — revisar instalación,False,nan
2025-12-17 19:30:00,invierno,anomalia_ml,Consumo eléctrico,consumo_electrico,8.406,13.27,Consumo eléctrico fuera de rango normal (13.3 sigma),True,pico_electrico
2025-12-20 03:00:00,invierno,alerta_fuga_gas,Flujo de gas,gas_flujo,265.0,,Fuga de gas detectada — revisar instalación,False,nan
2025-12-20 03:30:00,invierno,alerta_fuga_gas,Flujo de gas,gas_flujo,266.4,,Fuga de gas detectada — revisar instalación,False,nan
2025-12-20 04:00:00,invierno,alerta_fuga_gas,Flujo de gas,gas_flujo,315.3,,Fuga de gas detectada — revisar instalación,False,nan
2025-12-20 05:00:00,invierno,alerta_fuga_gas,Flujo de gas,gas_flujo,234.3,,Fuga de gas detectada — revisar instalación,False,nan
2025-12-20 05:30:00,invierno,alerta_fuga_gas,Flujo de gas,gas_flujo,429.4,,Fuga de gas detectada — revisar instalación,False,nan
2025-12-21 18:30:00,invierno,anomalia_ml,Presión de tubería,presion_tuberia,0.721,10.63,Presión de tubería fuera de rango normal (10.6 sigma),True,fuga_agua
2025-12-23 05:00:00,invierno,anomalia_ml,Consumo de agua,consumo_agua,187.932,12.01,Consumo de agua fuera de rango normal (12.0 sigma),True,fuga_agua
2025-12-23 09:00:00,invierno,anomalia_ml,Consumo eléctrico,consumo_electrico,10.467,16.77,Consumo eléctrico fuera de rango normal (16.8 sigma),True,pico_electrico
2025-12-23 13:30:00,invierno,alerta_fuga_gas,Flujo de gas,gas_flujo,310.9,,Fuga de gas detectada — revisar instalación,False,nan
2025-12-23 14:00:00,invierno,alerta_fuga_gas,Flujo de gas,gas_flujo,335.3,,Fuga de gas detectada — revisar instalación,False,nan
2025-12-29 16:30:00,invierno,anomalia_ml,Consumo de agua,consumo_agua,173.416,10.97,Consumo de agua fuera de rango normal (11.0 sigma),True,fuga_agua
2025-12-31 19:00:00,invierno,anomalia_ml,Consumo eléctrico,consumo_electrico,6.387,9.84,Consumo eléctrico fuera de rango normal (9.8 sigma),True,pico_electrico
